SƠN,241,3,30000
SƠN,226,2,30000
SƠN,217,3,30000
SƠN,214,2,30000
SƠN,218,4,30000
SƠN,231,2,30000
SƠN,212,18,30000
SƠN,242,3,30000
SƠN,211,6,30000
SƠN,400,5,36000
SƠN,228,11,36000
SƠN,216,12,30000
SƠN,200,9,30000
SƠN,FOX,11,30000
THẺ CÀO,MOBI : 20,33,20000
THẺ CÀO,MOBI :50,10,50000
THẺ CÀO,MOBI :100,3,100000
THẺ CÀO,VINA : 20,15,20000
THẺ CÀO,VINA :50,8,50000
THẺ CÀO,VINA :100,7,100000
THẺ CÀO,VIETTEL : 20,34,20000
THẺ CÀO,VIETTEL : 50,4,50000
THẺ CÀO,VIETTEL : 100,11,100000
THẺ CÀO,VIETNAM MOBI 20,3,20000
THẺ CÀO,VIETNAM MOBI 50,8,50000
TÂM BÔNG,TÂM BÔNG:  308 ĐỎ,3,50000
TÂM BÔNG,308 ĐEN,2,80000
TÂM BÔNG,542 ĐỎ,1,150000
TÂM BÔNG,542D ĐỎ,2,150000
TÂM BÔNG,827 XANH,1,110000
TÂM BÔNG,PET 400 ĐỎ,1,120000
TÂM BÔNG,PET 300 CD,0,120000
TÂM BÔNG,PET 300 ĐỎ,2,100000
TÂM BÔNG,PET 300 ĐEN,1,30000
TÂM BÔNG,510 XANH,1,50000
TÂM BÔNG,520 ĐEN,1,190000
TÂM BÔNG,520 XANH,1,180000
TÂM BÔNG,T4 XANH ,8,50000
TÂM BÔNG,844 XANH,2,60000
TÂM BÔNG,844 ĐỎ,1,60000
TÂM BÔNG,T4 ĐEN,1,70000
TÂM BÔNG,T3 XANH ,3,45000
TÂM BÔNG,ĐỎ,6,45000
TÂM BÔNG,ĐEN,2,50000
TÂM BÔNG,843 ĐEN,1,80000
TÂM BÔNG,T2 ĐỎ,4,30000
TÂM BÔNG,XANH,7,50000
TÂM BÔNG,222 ĐỎ,2,35000
TÂM BÔNG,222 XANH,1,35000
MỰC,MỰC : ĐỎ,2,60000
MỰC,XANH,2,60000
MỰC,ĐEN,2,45000
MỰC,CDỤNG: ĐỎ,3,100000
MỰC,XANH,2,100000
MỰC,ĐEN,2,100000
MỰC,XANH NHỎ,2,35000
MỰC,ĐỎ NHỎ,3,35000
MỰC,PET 400,2,250000
MỰC,PET 300,2,170000
MỰC,222 đen ,2,70000
MỰC,841 đen,1,100000
